-- phpMyAdmin SQL Dump
-- version 4.5.1
-- http://www.phpmyadmin.net
--
-- Host: 127.0.0.1
-- Czas generowania: 16 Gru 2016, 00:11
-- Wersja serwera: 10.1.13-MariaDB
-- Wersja PHP: 5.6.23

SET SQL_MODE = "NO_AUTO_VALUE_ON_ZERO";
SET time_zone = "+00:00";


/*!40101 SET @OLD_CHARACTER_SET_CLIENT=@@CHARACTER_SET_CLIENT */;
/*!40101 SET @OLD_CHARACTER_SET_RESULTS=@@CHARACTER_SET_RESULTS */;
/*!40101 SET @OLD_COLLATION_CONNECTION=@@COLLATION_CONNECTION */;
/*!40101 SET NAMES utf8mb4 */;

--
-- Baza danych: `snooker`
--

-- --------------------------------------------------------

--
-- Struktura tabeli dla tabeli `clubs`
--

CREATE TABLE `clubs` (
  `id` int(11) NOT NULL,
  `clubname` text COLLATE utf8_polish_ci NOT NULL,
  `password` text COLLATE utf8_polish_ci NOT NULL
) ENGINE=InnoDB DEFAULT CHARSET=utf8 COLLATE=utf8_polish_ci;

--
-- Zrzut danych tabeli `clubs`
--

INSERT INTO `clubs` (`id`, `clubname`, `password`) VALUES
(1, 'Frame Kraków', 'fff'),
(2, 'Cue Bar', 'cb');

-- --------------------------------------------------------

--
-- Struktura tabeli dla tabeli `matches`
--

CREATE TABLE `matches` (
  `id` int(11) NOT NULL,
  `player1` int(11) NOT NULL,
  `player2` int(11) NOT NULL,
  `club` int(11) NOT NULL,
  `bestof` int(11) NOT NULL,
  `logs` text COLLATE utf8_polish_ci NOT NULL,
  `p1_acc` text COLLATE utf8_polish_ci NOT NULL,
  `p2_acc` text COLLATE utf8_polish_ci NOT NULL,
  `club_acc` text COLLATE utf8_polish_ci NOT NULL,
  `finished` text COLLATE utf8_polish_ci NOT NULL,
  `date` datetime NOT NULL,
  `p1_score` int(11) NOT NULL,
  `p2_score` int(11) NOT NULL
) ENGINE=InnoDB DEFAULT CHARSET=utf8 COLLATE=utf8_polish_ci;

--
-- Zrzut danych tabeli `matches`
--

INSERT INTO `matches` (`id`, `player1`, `player2`, `club`, `bestof`, `logs`, `p1_acc`, `p2_acc`, `club_acc`, `finished`, `date`, `p1_score`, `p2_score`) VALUES
(30, 5, 2, 2, 6, 'Log: 2016-11-26 17:20:51 : winLog: 2016-11-26 17:20:53 : p6Log: 2016-11-26 17:20:55 : winLog: 2016-11-26 17:20:57 : winLog: 2016-11-26 17:20:58 : winLog: 2016-11-26 17:20:59 : winLog: 2016-11-26 17:21:01 : winLog: 2016-11-26 17:21:02 : p6Log: 2016-11-26 17:21:10 : p6Log: 2016-11-26 17:44:27 : p6', 'false', 'false', 'false', 'true', '2016-11-26 17:20:49', 0, 0),
(31, 5, 4, 2, 2, 'Log: 2016-11-26 18:01:50 : p7Log: 2016-11-26 18:01:56 : p7Log: 2016-11-27 00:06:57 : p7Log: 2016-11-27 00:07:00 : foulLog: 2016-11-27 00:07:01 : p3Log: 2016-11-27 00:07:02 : p2Log: 2016-11-27 13:23:38 : p2Log: 2016-11-27 13:23:53 : p2Log: 2016-11-27 13:23:56 : p5Log: 2016-11-27 13:24:04 : p5Log: 2016-11-27 13:24:13 : winLog: 2016-11-27 13:24:13 : winLog: 2016-11-27 13:24:14 : win', 'false', 'false', 'false', 'true', '2016-11-26 18:01:41', 0, 0),
(32, 5, 4, 2, 5, 'Log: 2016-11-27 13:24:25 : p2Log: 2016-11-27 13:24:32 : p3Log: 2016-11-27 13:24:33 : p3Log: 2016-11-27 13:24:34 : p3Log: 2016-11-27 13:25:21 : p3Log: 2016-11-27 13:25:23 : p4Log: 2016-11-27 13:25:23 : p4Log: 2016-11-27 13:25:25 : p3Log: 2016-11-27 13:25:25 : p3Log: 2016-11-27 13:25:26 : p3Log: 2016-11-27 13:25:27 : p6Log: 2016-11-27 13:25:57 : p6Log: 2016-11-27 13:25:59 : p3Log: 2016-11-27 13:25:59 : p3Log: 2016-11-27 13:26:00 : p3Log: 2016-11-27 13:26:00 : p5Log: 2016-11-27 13:26:01 : winLog: 2016-11-27 13:26:03 : p7Log: 2016-11-27 13:26:04 : changeLog: 2016-11-27 13:26:05 : p4Log: 2016-11-27 13:26:06 : p4Log: 2016-11-27 13:26:06 : p6Log: 2016-11-27 13:26:06 : p4Log: 2016-11-27 13:26:07 : winLog: 2016-11-27 13:26:12 : winLog: 2016-11-27 13:26:13 : winLog: 2016-11-27 13:26:13 : winLog: 2016-11-27 13:26:14 : win', 'false', 'false', 'false', 'true', '2016-11-27 13:24:22', 0, 0),
(33, 5, 2, 1, 5, 'Log: 2016-11-27 13:26:38 : p2Log: 2016-11-27 13:26:42 : p2Log: 2016-11-27 13:26:43 : p2Log: 2016-11-27 13:26:43 : p2Log: 2016-11-27 13:26:44 : p2Log: 2016-11-27 13:26:46 : winLog: 2016-11-27 13:26:49 : winLog: 2016-11-27 13:26:50 : winLog: 2016-11-27 13:26:51 : winLog: 2016-11-27 13:26:51 : winLog: 2016-11-27 13:26:52 : winLog: 2016-11-27 13:32:00 : win', 'false', 'false', 'false', 'true', '2016-11-27 13:26:34', 0, 0),
(37, 5, 4, 1, 6, 'Log: 2016-11-27 14:40:55 : p3Log: 2016-11-27 14:43:01 : p6Log: 2016-11-27 14:43:02 : p6Log: 2016-11-27 14:43:03 : p5Log: 2016-11-27 14:43:04 : p5Log: 2016-11-27 14:43:04 : p5Log: 2016-11-27 14:43:05 : p1Log: 2016-11-27 14:43:07 : p4Log: 2016-11-27 14:44:12 : p4Log: 2016-11-27 14:47:17 : p4Log: 2016-11-27 14:47:24 : p4Log: 2016-11-27 14:47:32 : p4Log: 2016-11-27 14:48:34 : p4Log: 2016-11-27 14:49:12 : p4Log: 2016-11-27 14:49:23 : p4Log: 2016-11-27 14:49:36 : p4Log: 2016-11-27 14:49:48 : p4Log: 2016-11-27 14:50:07 : p4Log: 2016-11-27 14:50:10 : p4Log: 2016-11-27 14:50:11 : p4Log: 2016-11-27 14:50:32 : p4Log: 2016-11-27 14:50:34 : p4Log: 2016-11-27 14:50:35 : winLog: 2016-11-27 14:50:36 : p6Log: 2016-11-27 14:50:38 : foulLog: 2016-11-27 14:50:38 : foulLog: 2016-11-27 14:51:35 : foulLog: 2016-11-27 14:51:37 : p1Log: 2016-11-27 14:51:38 : p2Log: 2016-11-27 14:51:39 : p5Log: 2016-11-27 14:51:41 : changeLog: 2016-11-27 14:51:42 : p3Log: 2016-11-27 14:51:42 : p4Log: 2016-11-27 14:51:44 : changeLog: 2016-11-27 14:51:45 : p4Log: 2016-11-27 14:51:46 : foulLog: 2016-11-27 14:52:26 : foulLog: 2016-11-27 14:52:37 : foulLog: 2016-11-27 14:52:42 : foulLog: 2016-11-27 14:52:59 : foulLog: 2016-11-27 14:53:05 : foulLog: 2016-11-27 14:53:10 : foulLog: 2016-11-27 14:53:15 : foulLog: 2016-11-27 14:53:28 : foulLog: 2016-11-27 14:53:33 : foulLog: 2016-11-27 14:53:39 : foulLog: 2016-11-27 14:53:44 : foulLog: 2016-11-27 14:53:48 : p6Log: 2016-11-27 14:53:48 : p6Log: 2016-11-27 14:53:48 : p6Log: 2016-11-27 14:53:49 : p6Log: 2016-11-27 14:53:49 : p6Log: 2016-11-27 14:53:50 : p6Log: 2016-11-27 14:53:50 : p6Log: 2016-11-27 14:54:33 : p6Log: 2016-11-27 14:54:35 : changeLog: 2016-11-27 14:54:37 : p1Log: 2016-11-27 14:54:38 : p2Log: 2016-11-27 14:54:39 : p1Log: 2016-11-27 14:54:41 : p7Log: 2016-11-27 14:54:43 : foulLog: 2016-11-27 14:54:45 : changeLog: 2016-11-27 14:54:46 : changeLog: 2016-11-27 14:54:47 : pauseLog: 2016-11-27 14:57:39 : changeLog: 2016-11-27 14:57:40 : changeLog: 2016-11-27 14:57:41 : changeLog: 2016-11-27 15:00:35 : changeLog: 2016-11-27 15:05:47 : change', 'false', 'false', 'false', 'false', '2016-11-27 14:40:49', 0, 0),
(38, 1, 6, 1, 1, 'Log: 2016-11-27 15:10:05 : beginLog: 2016-11-27 15:10:05 : startLog: 2016-11-27 15:10:25 : changeLog: 2016-11-27 15:10:53 : changeLog: 2016-11-27 15:11:16 : changeLog: 2016-11-27 15:11:38 : p1Log: 2016-11-27 15:11:57 : p5Log: 2016-11-27 15:12:22 : changeLog: 2016-11-27 15:12:49 : p1Log: 2016-11-27 15:13:22 : changeLog: 2016-11-27 15:13:45 : p1Log: 2016-11-27 15:14:02 : p7Log: 2016-11-27 15:14:20 : p1Log: 2016-11-27 15:14:39 : p2Log: 2016-11-27 15:14:51 : p1Log: 2016-11-27 15:15:14 : p7Log: 2016-11-27 15:15:30 : p1Log: 2016-11-27 15:15:53 : changeLog: 2016-11-27 15:16:20 : p1Log: 2016-11-27 15:16:42 : p6Log: 2016-11-27 15:17:11 : changeLog: 2016-11-27 15:17:34 : changeLog: 2016-11-27 15:17:57 : p1Log: 2016-11-27 15:18:08 : changeLog: 2016-11-27 15:18:28 : changeLog: 2016-11-27 15:19:04 : changeLog: 2016-11-27 15:19:19 : changeLog: 2016-11-27 15:19:42 : changeLog: 2016-11-27 15:20:00 : changeLog: 2016-11-27 15:20:24 : p1Log: 2016-11-27 15:20:53 : p5Log: 2016-11-27 15:21:32 : changeLog: 2016-11-27 15:21:52 : changeLog: 2016-11-27 15:22:18 : p1Log: 2016-11-27 15:22:41 : changeLog: 2016-11-27 15:23:01 : changeLog: 2016-11-27 15:23:20 : p1Log: 2016-11-27 15:24:00 : changeLog: 2016-11-27 15:24:17 : p1Log: 2016-11-27 15:24:34 : p2Log: 2016-11-27 15:24:53 : changeLog: 2016-11-27 15:25:12 : changeLog: 2016-11-27 15:25:32 : p1Log: 2016-11-27 15:25:50 : p2Log: 2016-11-27 15:26:14 : changeLog: 2016-11-27 15:26:29 : changeLog: 2016-11-27 15:26:45 : changeLog: 2016-11-27 15:27:04 : p1Log: 2016-11-27 15:27:23 : p2Log: 2016-11-27 15:27:39 : p1Log: 2016-11-27 15:27:54 : p7Log: 2016-11-27 15:28:14 : changeLog: 2016-11-27 15:28:40 : changeLog: 2016-11-27 15:29:00 : p2Log: 2016-11-27 15:29:19 : changeLog: 2016-11-27 15:29:32 : p3Log: 2016-11-27 15:29:55 : changeLog: 2016-11-27 15:30:15 : p4Log: 2016-11-27 15:30:37 : changeLog: 2016-11-27 15:30:54 : changeLog: 2016-11-27 15:31:09 : changeLog: 2016-11-27 15:31:28 : changeLog: 2016-11-27 15:31:44 : changeLog: 2016-11-27 15:32:03 : changeLog: 2016-11-27 15:32:21 : changeLog: 2016-11-27 15:32:34 : changeLog: 2016-11-27 15:32:54 : p5Log: 2016-11-27 15:33:11 : p6Log: 2016-11-27 15:33:20 : win', 'false', 'false', 'false', 'true', '2016-11-27 15:09:24', 1, 0),
(40, 1, 5, 1, 3, 'Log: 2016-11-26 17:20:51 : beginLog: 2016-12-09 17:30:04 : startLog: 2016-12-09 17:30:24 : changeLog: 2016-12-09 17:30:43 : changeLog: 2016-12-09 17:31:04 : changeLog: 2016-12-09 17:31:23 : changeLog: 2016-12-09 17:31:42 : p1Log: 2016-12-09 17:32:21 : p2Log: 2016-12-09 17:32:40 : changeLog: 2016-12-09 17:32:50 : changeLog: 2016-12-09 17:33:04 : p1Log: 2016-12-09 17:33:15 : changeLog: 2016-12-09 17:33:32 : changeLog: 2016-12-09 17:33:53 : changeLog: 2016-12-09 17:35:05 : changeLog: 2016-12-09 17:35:26 : changeLog: 2016-12-09 17:35:49 : p1Log: 2016-12-09 17:35:50 : p2Log: 2016-12-09 17:36:05 : p1Log: 2016-12-09 17:36:25 : changeLog: 2016-12-09 17:36:49 : changeLog: 2016-12-09 17:37:13 : changeLog: 2016-12-09 17:37:36 : p1Log: 2016-12-09 17:38:01 : p6Log: 2016-12-09 17:38:14 : p1Log: 2016-12-09 17:38:29 : changeLog: 2016-12-09 17:38:56 : changeLog: 2016-12-09 17:39:19 : p1Log: 2016-12-09 17:39:42 : p6Log: 2016-12-09 17:39:47 : p1Log: 2016-12-09 17:40:04 : p6Log: 2016-12-09 17:40:22 : p1Log: 2016-12-09 17:40:38 : p6Log: 2016-12-09 17:41:02 : p1Log: 2016-12-09 17:41:24 : p5Log: 2016-12-09 17:41:43 : changeLog: 2016-12-09 17:42:05 : p1Log: 2016-12-09 17:42:18 : p2Log: 2016-12-09 17:42:40 : changeLog: 2016-12-09 17:42:59 : p1Log: 2016-12-09 17:43:19 : foul4Log: 2016-12-09 17:43:46 : p1Log: 2016-12-09 17:44:03 : p7Log: 2016-12-09 17:44:22 : changeLog: 2016-12-09 17:44:33 : p1Log: 2016-12-09 17:44:58 : p7Log: 2016-12-09 17:45:13 : changeLog: 2016-12-09 17:45:30 : changeLog: 2016-12-09 17:45:44 : p1Log: 2016-12-09 17:46:11 : changeLog: 2016-12-09 17:46:33 : changeLog: 2016-12-09 17:46:42 : p2Log: 2016-12-09 17:46:59 : changeLog: 2016-12-09 17:47:40 : changeLog: 2016-12-09 17:48:06 : changeLog: 2016-12-09 17:48:29 : changeLog: 2016-12-09 17:48:31 : p3Log: 2016-12-09 17:48:39 : p4Log: 2016-12-09 17:48:53 : changeLog: 2016-12-09 17:48:58 : changeLog: 2016-12-09 17:49:00 : winLog: 2016-12-09 17:49:57 : startLog: 2016-12-09 17:50:07 : changeLog: 2016-12-09 17:50:24 : changeLog: 2016-12-09 17:51:00 : changeLog: 2016-12-09 17:51:03 : changeLog: 2016-12-09 17:51:31 : changeLog: 2016-12-09 17:51:48 : p1Log: 2016-12-09 17:52:05 : changeLog: 2016-12-09 17:52:25 : p1Log: 2016-12-09 17:52:59 : p7Log: 2016-12-09 17:53:13 : p1Log: 2016-12-09 17:53:41 : changeLog: 2016-12-09 17:54:04 : changeLog: 2016-12-09 17:54:21 : changeLog: 2016-12-09 17:54:42 : changeLog: 2016-12-09 17:55:09 : p1Log: 2016-12-09 17:55:25 : changeLog: 2016-12-09 17:55:52 : p1Log: 2016-12-09 17:56:22 : p5Log: 2016-12-09 17:56:35 : p1Log: 2016-12-09 17:56:54 : p7Log: 2016-12-09 17:57:35 : p1Log: 2016-12-09 17:57:49 : p6Log: 2016-12-09 17:58:05 : p1Log: 2016-12-09 17:58:30 : p7Log: 2016-12-09 17:58:43 : changeLog: 2016-12-09 17:59:01 : p1Log: 2016-12-09 17:59:18 : p5Log: 2016-12-09 17:59:47 : changeLog: 2016-12-09 18:00:09 : p1Log: 2016-12-09 18:00:33 : p6Log: 2016-12-09 18:01:05 : p1Log: 2016-12-09 18:01:27 : changeLog: 2016-12-09 18:01:52 : changeLog: 2016-12-09 18:02:05 : changeLog: 2016-12-09 18:02:27 : changeLog: 2016-12-09 18:02:41 : changeLog: 2016-12-09 18:03:21 : changeLog: 2016-12-09 18:03:38 : changeLog: 2016-12-09 18:04:00 : foul4Log: 2016-12-09 18:04:22 : changeLog: 2016-12-09 18:04:48 : changeLog: 2016-12-09 18:05:00 : p1Log: 2016-12-09 18:05:14 : p5Log: 2016-12-09 18:05:41 : changeLog: 2016-12-09 18:06:02 : foul4Log: 2016-12-09 18:06:24 : changeLog: 2016-12-09 18:06:55 : changeLog: 2016-12-09 18:07:01 : foul7Log: 2016-12-09 18:07:25 : p1Log: 2016-12-09 18:07:48 : p7Log: 2016-12-09 18:08:09 : p1Log: 2016-12-09 18:09:02 : p6Log: 2016-12-09 18:09:35 : changeLog: 2016-12-09 18:09:46 : p2Log: 2016-12-09 18:10:05 : p3Log: 2016-12-09 18:10:16 : p4Log: 2016-12-09 18:10:29 : p5Log: 2016-12-09 18:10:41 : p6Log: 2016-12-09 18:10:55 : win', 'false', 'false', 'false', 'true', '2016-11-27 19:16:48', 2, 0),
(82, 1, 2, 2, 3, 'Log: 2016-11-26 17:20:51 : beginLog: 2016-12-09 17:30:04 : startLog: 2016-12-09 17:30:24 : changeLog: 2016-12-09 17:30:43 : changeLog: 2016-12-09 17:31:04 : changeLog: 2016-12-09 17:31:23 : changeLog: 2016-12-09 17:31:42 : p1Log: 2016-12-09 17:32:21 : p2Log: 2016-12-09 17:32:40 : changeLog: 2016-12-09 17:32:50 : changeLog: 2016-12-09 17:33:04 : p1Log: 2016-12-09 17:33:15 : changeLog: 2016-12-09 17:33:32 : changeLog: 2016-12-09 17:33:53 : changeLog: 2016-12-09 17:35:05 : changeLog: 2016-12-09 17:35:26 : changeLog: 2016-12-09 17:35:49 : p1Log: 2016-12-09 17:35:50 : p2Log: 2016-12-09 17:36:05 : p1Log: 2016-12-09 17:36:25 : changeLog: 2016-12-09 17:36:49 : changeLog: 2016-12-09 17:37:13 : changeLog: 2016-12-09 17:37:36 : p1Log: 2016-12-09 17:38:01 : p6Log: 2016-12-09 17:38:14 : p1Log: 2016-12-09 17:38:29 : changeLog: 2016-12-09 17:38:56 : changeLog: 2016-12-09 17:39:19 : p1Log: 2016-12-09 17:39:42 : p6Log: 2016-12-09 17:39:47 : p1Log: 2016-12-09 17:40:04 : p6Log: 2016-12-09 17:40:22 : p1Log: 2016-12-09 17:40:38 : p6Log: 2016-12-09 17:41:02 : p1Log: 2016-12-09 17:41:24 : p5Log: 2016-12-09 17:41:43 : changeLog: 2016-12-09 17:42:05 : p1Log: 2016-12-09 17:42:18 : p2Log: 2016-12-09 17:42:40 : changeLog: 2016-12-09 17:42:59 : p1Log: 2016-12-09 17:43:19 : foul4Log: 2016-12-09 17:43:46 : p1Log: 2016-12-09 17:44:03 : p7Log: 2016-12-09 17:44:22 : changeLog: 2016-12-09 17:44:33 : p1Log: 2016-12-09 17:44:58 : p7Log: 2016-12-09 17:45:13 : changeLog: 2016-12-09 17:45:30 : changeLog: 2016-12-09 17:45:44 : p1Log: 2016-12-09 17:46:11 : changeLog: 2016-12-09 17:46:33 : changeLog: 2016-12-09 17:46:42 : p2Log: 2016-12-09 17:46:59 : changeLog: 2016-12-09 17:47:40 : changeLog: 2016-12-09 17:48:06 : changeLog: 2016-12-09 17:48:29 : changeLog: 2016-12-09 17:48:31 : p3Log: 2016-12-09 17:48:39 : p4Log: 2016-12-09 17:48:53 : changeLog: 2016-12-09 17:48:58 : changeLog: 2016-12-09 17:49:00 : winLog: 2016-12-09 17:49:57 : startLog: 2016-12-09 17:50:07 : changeLog: 2016-12-09 17:50:24 : changeLog: 2016-12-09 17:51:00 : changeLog: 2016-12-09 17:51:03 : changeLog: 2016-12-09 17:51:31 : changeLog: 2016-12-09 17:51:48 : p1Log: 2016-12-09 17:52:05 : changeLog: 2016-12-09 17:52:25 : p1Log: 2016-12-09 17:52:59 : p7Log: 2016-12-09 17:53:13 : p1Log: 2016-12-09 17:53:41 : changeLog: 2016-12-09 17:54:04 : changeLog: 2016-12-09 17:54:21 : changeLog: 2016-12-09 17:54:42 : changeLog: 2016-12-09 17:55:09 : p1Log: 2016-12-09 17:55:25 : changeLog: 2016-12-09 17:55:52 : p1Log: 2016-12-09 17:56:22 : p5Log: 2016-12-09 17:56:35 : p1Log: 2016-12-09 17:56:54 : p7Log: 2016-12-09 17:57:35 : p1Log: 2016-12-09 17:57:49 : p6Log: 2016-12-09 17:58:05 : p1Log: 2016-12-09 17:58:30 : p7Log: 2016-12-09 17:58:43 : changeLog: 2016-12-09 17:59:01 : p1Log: 2016-12-09 17:59:18 : p5Log: 2016-12-09 17:59:47 : changeLog: 2016-12-09 18:00:09 : p1Log: 2016-12-09 18:00:33 : p6Log: 2016-12-09 18:01:05 : p1Log: 2016-12-09 18:01:27 : changeLog: 2016-12-09 18:01:52 : changeLog: 2016-12-09 18:02:05 : changeLog: 2016-12-09 18:02:27 : changeLog: 2016-12-09 18:02:41 : changeLog: 2016-12-09 18:03:21 : changeLog: 2016-12-09 18:03:38 : changeLog: 2016-12-09 18:04:00 : foul4Log: 2016-12-09 18:04:22 : changeLog: 2016-12-09 18:04:48 : changeLog: 2016-12-09 18:05:00 : p1Log: 2016-12-09 18:05:14 : p5Log: 2016-12-09 18:05:41 : changeLog: 2016-12-09 18:06:02 : foul4Log: 2016-12-09 18:06:24 : changeLog: 2016-12-09 18:06:55 : changeLog: 2016-12-09 18:07:01 : foul7Log: 2016-12-09 18:07:25 : p1Log: 2016-12-09 18:07:48 : p7Log: 2016-12-09 18:08:09 : p1Log: 2016-12-09 18:09:02 : p6Log: 2016-12-09 18:09:35 : changeLog: 2016-12-09 18:09:46 : p2Log: 2016-12-09 18:10:05 : p3Log: 2016-12-09 18:10:16 : p4Log: 2016-12-09 18:10:29 : p5Log: 2016-12-09 18:10:41 : p6Log: 2016-12-09 18:10:55 : win', 'false', 'false', 'false', 'true', '2016-12-09 17:29:41', 2, 0),
(84, 10, 9, 2, 7, 'Log: 2016-11-26 17:20:51 : beginLog: 2016-12-14 20:02:06 : startLog: 2016-12-14 20:02:24 : changeLog: 2016-12-14 20:02:57 : p1Log: 2016-12-14 20:03:27 : changeLog: 2016-12-14 20:03:47 : p1Log: 2016-12-14 20:03:57 : p7Log: 2016-12-14 20:04:10 : p1Log: 2016-12-14 20:04:20 : p7Log: 2016-12-14 20:04:28 : p1Log: 2016-12-14 20:04:39 : p7Log: 2016-12-14 20:04:56 : p1Log: 2016-12-14 20:05:08 : p5Log: 2016-12-14 20:05:26 : p1Log: 2016-12-14 20:05:38 : p7Log: 2016-12-14 20:06:16 : changeLog: 2016-12-14 20:06:48 : changeLog: 2016-12-14 20:07:22 : changeLog: 2016-12-14 20:07:51 : changeLog: 2016-12-14 20:08:17 : changeLog: 2016-12-14 20:08:44 : p1Log: 2016-12-14 20:09:07 : p3Log: 2016-12-14 20:09:41 : p1Log: 2016-12-14 20:10:17 : p6Log: 2016-12-14 20:10:38 : p1Log: 2016-12-14 20:11:07 : p3Log: 2016-12-14 20:11:40 : changeLog: 2016-12-14 20:11:58 : changeLog: 2016-12-14 20:12:14 : p1Log: 2016-12-14 20:12:42 : changeLog: 2016-12-14 20:12:58 : foul6Log: 2016-12-14 20:13:21 : changeLog: 2016-12-14 20:13:52 : changeLog: 2016-12-14 20:14:13 : changeLog: 2016-12-14 20:14:44 : changeLog: 2016-12-14 20:15:12 : changeLog: 2016-12-14 20:15:32 : changeLog: 2016-12-14 20:16:00 : changeLog: 2016-12-14 20:16:22 : changeLog: 2016-12-14 20:16:52 : foul4Log: 2016-12-14 20:17:05 : p1Log: 2016-12-14 20:17:22 : p5Log: 2016-12-14 20:17:28 : p1Log: 2016-12-14 20:17:39 : p6Log: 2016-12-14 20:17:52 : p1Log: 2016-12-14 20:18:00 : p7Log: 2016-12-14 20:18:14 : p1Log: 2016-12-14 20:18:20 : p5Log: 2016-12-14 20:18:27 : p2Log: 2016-12-14 20:18:39 : p3Log: 2016-12-14 20:18:51 : winLog: 2016-12-14 20:21:41 : startLog: 2016-12-14 20:22:05 : changeLog: 2016-12-14 20:22:25 : changeLog: 2016-12-14 20:22:52 : changeLog: 2016-12-14 20:23:15 : changeLog: 2016-12-14 20:23:42 : foul4Log: 2016-12-14 20:24:17 : changeLog: 2016-12-14 20:25:16 : p1Log: 2016-12-14 20:25:47 : changeLog: 2016-12-14 20:26:13 : changeLog: 2016-12-14 20:26:51 : changeLog: 2016-12-14 20:27:10 : p1Log: 2016-12-14 20:27:22 : p5Log: 2016-12-14 20:27:35 : p1Log: 2016-12-14 20:27:44 : p7Log: 2016-12-14 20:28:00 : p1Log: 2016-12-14 20:28:16 : p7Log: 2016-12-14 20:28:25 : p1Log: 2016-12-14 20:28:50 : p7Log: 2016-12-14 20:29:32 : changeLog: 2016-12-14 20:30:00 : p1Log: 2016-12-14 20:30:43 : p7Log: 2016-12-14 20:30:58 : p1Log: 2016-12-14 20:31:21 : p4Log: 2016-12-14 20:31:53 : changeLog: 2016-12-14 20:32:14 : p1Log: 2016-12-14 20:32:40 : p6Log: 2016-12-14 20:33:19 : p1Log: 2016-12-14 20:33:30 : p7Log: 2016-12-14 20:33:38 : p1Log: 2016-12-14 20:33:53 : p7Log: 2016-12-14 20:33:59 : p1Log: 2016-12-14 20:34:09 : p7Log: 2016-12-14 20:34:26 : p1Log: 2016-12-14 20:34:35 : p7Log: 2016-12-14 20:34:46 : p1Log: 2016-12-14 20:34:58 : p7Log: 2016-12-14 20:35:16 : foul6Log: 2016-12-14 20:35:27 : p1Log: 2016-12-14 20:35:43 : p7Log: 2016-12-14 20:35:59 : p1Log: 2016-12-14 20:36:20 : p6Log: 2016-12-14 20:36:32 : changeLog: 2016-12-14 20:36:35 : winLog: 2016-12-14 20:39:25 : startLog: 2016-12-14 20:39:47 : changeLog: 2016-12-14 20:40:23 : p1Log: 2016-12-14 20:40:50 : changeLog: 2016-12-14 20:41:28 : foul4Log: 2016-12-14 20:41:30 : missLog: 2016-12-14 20:41:55 : changeLog: 2016-12-14 20:42:36 : changeLog: 2016-12-14 20:43:11 : changeLog: 2016-12-14 20:43:51 : changeLog: 2016-12-14 20:44:00 : changeLog: 2016-12-14 20:44:27 : changeLog: 2016-12-14 20:44:48 : p1Log: 2016-12-14 20:44:59 : p3Log: 2016-12-14 20:45:10 : p1Log: 2016-12-14 20:45:23 : p6Log: 2016-12-14 20:46:13 : p1Log: 2016-12-14 20:46:27 : p6Log: 2016-12-14 20:46:58 : p1Log: 2016-12-14 20:47:12 : p5Log: 2016-12-14 20:47:22 : p1Log: 2016-12-14 20:47:50 : p5Log: 2016-12-14 20:48:00 : p1Log: 2016-12-14 20:48:11 : p5Log: 2016-12-14 20:48:20 : p1Log: 2016-12-14 20:48:31 : p5Log: 2016-12-14 20:48:43 : p1Log: 2016-12-14 20:48:54 : p6Log: 2016-12-14 20:49:02 : p1Log: 2016-12-14 20:49:17 : p6Log: 2016-12-14 20:49:26 : p1Log: 2016-12-14 20:49:35 : p6Log: 2016-12-14 20:49:49 : p1Log: 2016-12-14 20:49:58 : p6Log: 2016-12-14 20:50:16 : p1Log: 2016-12-14 20:50:30 : p7Log: 2016-12-14 20:50:40 : winLog: 2016-12-14 20:53:29 : startLog: 2016-12-14 20:53:47 : changeLog: 2016-12-14 20:54:02 : p1Log: 2016-12-14 20:54:12 : p7Log: 2016-12-14 20:54:22 : p1Log: 2016-12-14 20:54:39 : p7Log: 2016-12-14 20:54:55 : changeLog: 2016-12-14 20:55:17 : p1Log: 2016-12-14 20:55:48 : p7Log: 2016-12-14 20:56:15 : changeLog: 2016-12-14 20:56:37 : changeLog: 2016-12-14 20:56:52 : changeLog: 2016-12-14 20:57:09 : changeLog: 2016-12-14 20:57:35 : changeLog: 2016-12-14 20:58:21 : changeLog: 2016-12-14 20:58:31 : changeLog: 2016-12-14 20:58:52 : changeLog: 2016-12-14 20:59:40 : changeLog: 2016-12-14 21:00:04 : changeLog: 2016-12-14 21:00:37 : changeLog: 2016-12-14 21:00:59 : changeLog: 2016-12-14 21:01:33 : changeLog: 2016-12-14 21:01:58 : changeLog: 2016-12-14 21:03:06 : changeLog: 2016-12-14 21:03:31 : p1Log: 2016-12-14 21:03:55 : p5Log: 2016-12-14 21:04:12 : p1Log: 2016-12-14 21:04:27 : changeLog: 2016-12-14 21:04:53 : p1Log: 2016-12-14 21:05:21 : p3Log: 2016-12-14 21:05:42 : p1Log: 2016-12-14 21:06:04 : p5Log: 2016-12-14 21:06:23 : p1Log: 2016-12-14 21:06:38 : p7Log: 2016-12-14 21:07:07 : p1Log: 2016-12-14 21:07:27 : p5Log: 2016-12-14 21:07:46 : p1Log: 2016-12-14 21:07:58 : p7Log: 2016-12-14 21:08:16 : p1Log: 2016-12-14 21:08:35 : changeLog: 2016-12-14 21:08:53 : changeLog: 2016-12-14 21:09:09 : p1Log: 2016-12-14 21:09:32 : p7Log: 2016-12-14 21:09:58 : changeLog: 2016-12-14 21:10:19 : p1Log: 2016-12-14 21:10:21 : p7Log: 2016-12-14 21:10:34 : p1Log: 2016-12-14 21:10:47 : changeLog: 2016-12-14 21:11:13 : p1Log: 2016-12-14 21:11:47 : p3Log: 2016-12-14 21:12:03 : p2Log: 2016-12-14 21:12:15 : p3Log: 2016-12-14 21:12:31 : p4Log: 2016-12-14 21:12:46 : winLog: 2016-12-14 21:15:44 : startLog: 2016-12-14 21:16:20 : changeLog: 2016-12-14 21:16:49 : p1Log: 2016-12-14 21:17:07 : changeLog: 2016-12-14 21:17:36 : p1Log: 2016-12-14 21:17:51 : p4Log: 2016-12-14 21:18:11 : p1Log: 2016-12-14 21:18:39 : p2Log: 2016-12-14 21:18:53 : p1Log: 2016-12-14 21:19:02 : p5Log: 2016-12-14 21:19:19 : p1Log: 2016-12-14 21:19:31 : p6Log: 2016-12-14 21:19:45 : p1Log: 2016-12-14 21:20:09 : p7Log: 2016-12-14 21:20:23 : p1Log: 2016-12-14 21:20:39 : p7Log: 2016-12-14 21:20:53 : p1Log: 2016-12-14 21:21:02 : p5Log: 2016-12-14 21:21:08 : p1Log: 2016-12-14 21:21:25 : p7Log: 2016-12-14 21:21:34 : p1Log: 2016-12-14 21:21:46 : p6Log: 2016-12-14 21:22:01 : changeLog: 2016-12-14 21:22:22 : changeLog: 2016-12-14 21:22:53 : changeLog: 2016-12-14 21:23:25 : changeLog: 2016-12-14 21:23:31 : p1Log: 2016-12-14 21:23:41 : p7Log: 2016-12-14 21:23:56 : p1Log: 2016-12-14 21:24:05 : p2Log: 2016-12-14 21:24:15 : p1Log: 2016-12-14 21:24:26 : p3Log: 2016-12-14 21:24:36 : p1Log: 2016-12-14 21:25:01 : win', 'false', 'false', 'false', 'true', '2016-12-14 20:02:04', 4, 1),
(91, 10, 8, 2, 2, 'Log: 2016-11-26 17:20:51 : beginLog: 2016-12-15 11:24:29 : startLog: 2016-12-15 11:34:59 : changeLog: 2016-12-15 11:49:35 : p1Log: 2016-12-15 11:52:16 : p1Log: 2016-12-15 11:59:09 : p1Log: 2016-12-15 11:59:12 : win', 'false', 'false', 'false', 'true', '2016-12-15 11:24:25', 0, 1),
(92, 10, 8, 2, 2, 'Log: 2016-11-26 17:20:51 : beginLog: 2016-12-15 11:59:23 : start', 'false', 'false', 'false', 'false', '2016-12-15 11:59:21', 0, 0);

-- --------------------------------------------------------

--
-- Struktura tabeli dla tabeli `users`
--

CREATE TABLE `users` (
  `id` int(11) NOT NULL,
  `username` text COLLATE utf8_polish_ci NOT NULL,
  `password` text COLLATE utf8_polish_ci NOT NULL,
  `date_of_birth` date NOT NULL
) ENGINE=InnoDB DEFAULT CHARSET=utf8 COLLATE=utf8_polish_ci;

--
-- Zrzut danych tabeli `users`
--

INSERT INTO `users` (`id`, `username`, `password`, `date_of_birth`) VALUES
(1, 'Daniel Zuziak', 'dupajasia', '1994-10-15'),
(2, 'Matuszczyk', 'mama', '2015-11-02'),
(3, 'Alex', 'aa', '2016-10-10'),
(4, 'Jeremi', 'jeje', '2016-11-14'),
(5, 'Sylwia Kata', 'sex', '1994-07-04'),
(6, 'Marcin Wesołowski', 'mar', '1993-06-04'),
(7, 'Kevin Dabrowski', 'kev', '1990-10-10'),
(8, 'Test', 'test', '2016-11-14'),
(9, 'Adam Stefanow', 'adi', '2000-01-01'),
(10, 'Ronnie OSullivan', 'cmon', '1950-01-01');

--
-- Indeksy dla zrzutów tabel
--

--
-- Indexes for table `clubs`
--
ALTER TABLE `clubs`
  ADD PRIMARY KEY (`id`);

--
-- Indexes for table `matches`
--
ALTER TABLE `matches`
  ADD PRIMARY KEY (`id`);

--
-- Indexes for table `users`
--
ALTER TABLE `users`
  ADD PRIMARY KEY (`id`);

--
-- AUTO_INCREMENT for dumped tables
--

--
-- AUTO_INCREMENT dla tabeli `clubs`
--
ALTER TABLE `clubs`
  MODIFY `id` int(11) NOT NULL AUTO_INCREMENT, AUTO_INCREMENT=3;
--
-- AUTO_INCREMENT dla tabeli `matches`
--
ALTER TABLE `matches`
  MODIFY `id` int(11) NOT NULL AUTO_INCREMENT, AUTO_INCREMENT=93;
--
-- AUTO_INCREMENT dla tabeli `users`
--
ALTER TABLE `users`
  MODIFY `id` int(11) NOT NULL AUTO_INCREMENT, AUTO_INCREMENT=11;
/*!40101 SET CHARACTER_SET_CLIENT=@OLD_CHARACTER_SET_CLIENT */;
/*!40101 SET CHARACTER_SET_RESULTS=@OLD_CHARACTER_SET_RESULTS */;
/*!40101 SET COLLATION_CONNECTION=@OLD_COLLATION_CONNECTION */;
